List,Trial,Item,Item_name,Clearly_true_obj_pos,Condition,Debatability,Question_type,Left_or_right,Subtitle
1,1,3,empty_jar,left,debatable_positive_left,debatable,positive,left,Is the jar on the left empty?
1,2,8,open_box,right,debatable_negative_right,debatable,negative,right,Isn't the box on the right open?
1,3,5,striped_sock,left,clearly_positive_right,clearly,positive,right,Is the sock on the right striped?
1,4,1,blue_towel,left,clearly_positive_left,clearly,positive,left,Is the towel on the left blue?
1,5,4,full_cup,right,debatable_negative_left,debatable,negative,left,Isn't the cup on the left full?
1,6,6,round_plate,right,clearly_negative_right,clearly,negative,right,Isn't the plate on the right round?
1,7,7,straight_line,left,debatable_positive_right,debatable,positive,right,Is the line on the right straight?
1,8,2,yellow_folder,right,clearly_negative_left,clearly,negative,left,Isn't the folder on the left yellow?
2,1,8,open_box,right,debatable_positive_right,debatable,positive,right,Is the box on the right open?
2,2,3,empty_jar,left,clearly_negative_left,clearly,negative,left,Isn't the jar on the left empty?
2,3,7,straight_line,left,clearly_negative_right,clearly,negative,right,Isn't the line on the right straight?
2,4,1,blue_towel,left,debatable_negative_right,debatable,negative,right,Isn't the towel on the right blue?
2,5,4,full_cup,right,debatable_positive_left,debatable,positive,left,Is the cup on the left full?
2,6,5,striped_sock,left,debatable_negative_left,debatable,negative,left,Isn't the sock on the left striped?
2,7,6,round_plate,right,clearly_positive_right,clearly,positive,right,Is the plate on the right round?
2,8,2,yellow_folder,right,clearly_positive_left,clearly,positive,left,Is the folder on the left yellow?
3,1,6,round_plate,right,debatable_negative_left,debatable,negative,left,Isn't the plate on the left round?
3,2,2,yellow_folder,right,debatable_negative_right,debatable,negative,right,Isn't the folder on the right yellow?
3,3,3,empty_jar,left,clearly_positive_left,clearly,positive,left,Is the jar on the left empty?
3,4,5,striped_sock,left,debatable_positive_left,debatable,positive,left,Is the sock on the left striped?
3,5,8,open_box,right,clearly_negative_right,clearly,negative,right,Isn't the box on the right open?
3,6,1,blue_towel,left,debatable_positive_right,debatable,positive,right,Is the towel on the right blue?
3,7,4,full_cup,right,clearly_negative_left,clearly,negative,left,Isn't the cup on the left full?
3,8,7,straight_line,left,clearly_positive_right,clearly,positive,right,Is the line on the right straight?
4,1,2,yellow_folder,right,debatable_positive_right,debatable,positive,right,Is the folder on the right yellow?
4,2,7,straight_line,left,debatable_negative_left,debatable,negative,left,Isn't the line on the left straight?
4,3,4,full_cup,right,clearly_positive_left,clearly,positive,left,Is the cup on the left full?
4,4,6,round_plate,right,debatable_positive_left,debatable,positive,left,Is the plate on the left round?
4,5,1,blue_towel,left,clearly_negative_right,clearly,negative,right,Isn't the towel on the right blue?
4,6,5,striped_sock,left,clearly_negative_left,clearly,negative,left,Isn't the sock on the left striped?
4,7,3,empty_jar,left,debatable_negative_right,debatable,negative,right,Isn't the jar on the right empty?
4,8,8,open_box,right,clearly_positive_right,clearly,positive,right,Is the box on the right open?
5,1,3,empty_jar,left,debatable_positive_right,debatable,positive,right,Is the jar on the right empty?
5,2,7,straight_line,left,debatable_positive_left,debatable,positive,left,Is the line on the left straight?
5,3,2,yellow_folder,right,clearly_negative_right,clearly,negative,right,Isn't the folder on the right yellow?
5,4,8,open_box,right,debatable_negative_left,debatable,negative,left,Isn't the box on the left open?
5,5,5,striped_sock,left,clearly_positive_left,clearly,positive,left,Is the sock on the left striped?
5,6,4,full_cup,right,debatable_negative_right,debatable,negative,right,Isn't the cup on the right full?
5,7,1,blue_towel,left,clearly_positive_right,clearly,positive,right,Is the towel on the right blue?
5,8,6,round_plate,right,clearly_negative_left,clearly,negative,left,Isn't the plate on the left round?
6,1,1,blue_towel,left,debatable_negative_left,debatable,negative,left,Isn't the towel on the left blue?
6,2,4,full_cup,right,debatable_positive_right,debatable,positive,right,Is the cup on the right full?
6,3,7,straight_line,left,clearly_negative_left,clearly,negative,left,Isn't the line on the left straight?
6,4,5,striped_sock,left,debatable_negative_right,debatable,negative,right,Isn't the sock on the right striped?
6,5,8,open_box,right,debatable_positive_left,debatable,positive,left,Is the box on the left open?
6,6,3,empty_jar,left,clearly_negative_right,clearly,negative,right,Isn't the jar on the right empty?
6,7,2,yellow_folder,right,clearly_positive_right,clearly,positive,right,Is the folder on the right yellow?
6,8,6,round_plate,right,clearly_positive_left,clearly,positive,left,Is the plate on the left round?
7,1,7,straight_line,left,clearly_positive_left,clearly,positive,left,Is the line on the left straight?
7,2,2,yellow_folder,right,debatable_negative_left,debatable,negative,left,Isn't the folder on the left yellow?
7,3,5,striped_sock,left,debatable_positive_right,debatable,positive,right,Is the sock on the right striped?
7,4,4,full_cup,right,clearly_negative_right,clearly,negative,right,Isn't the cup on the right full?
7,5,8,open_box,right,clearly_negative_left,clearly,negative,left,Isn't the box on the left open?
7,6,1,blue_towel,left,debatable_positive_left,debatable,positive,left,Is the towel on the left blue?
7,7,6,round_plate,right,debatable_negative_right,debatable,negative,right,Isn't the plate on the right round?
7,8,3,empty_jar,left,clearly_positive_right,clearly,positive,right,Is the jar on the right empty?
8,1,1,blue_towel,left,clearly_negative_left,clearly,negative,left,Isn't the towel on the left blue?
8,2,3,empty_jar,left,debatable_negative_left,debatable,negative,left,Isn't the jar on the left empty?
8,3,6,round_plate,right,debatable_positive_right,debatable,positive,right,Is the plate on the right round?
8,4,8,open_box,right,clearly_positive_left,clearly,positive,left,Is the box on the left open?
8,5,7,straight_line,left,debatable_negative_right,debatable,negative,right,Isn't the line on the right straight?
8,6,4,full_cup,right,clearly_positive_right,clearly,positive,right,Is the cup on the right full?
8,7,2,yellow_folder,right,debatable_positive_left,debatable,positive,left,Is the folder on the left yellow?
8,8,5,striped_sock,left,clearly_negative_right,clearly,negative,right,Isn't the sock on the right striped?
